"Start Time","Request Type","Latency","Response Code"
"1645047846012","GET","2027","200"
"1645047846007","GET","2032","200"
"1645047846036","GET","2001","200"
"1645047846287","GET","1753","200"
"1645047846033","GET","2006","200"
"1645047846274","GET","1763","200"
"1645047846275","GET","1767","200"
"1645047846011","GET","2026","200"
"1645047846280","GET","1757","200"
"1645047846273","GET","1770","200"
"1645047846276","GET","1761","200"
"1645047846035","GET","2008","200"
"1645047846462","GET","1582","200"
"1645047846011","GET","2026","200"
"1645047846032","GET","2012","200"
"1645047846015","GET","2022","200"
"1645047846463","GET","1586","200"
"1645047846284","GET","1753","200"
"1645047846424","GET","1628","200"
"1645047846034","GET","2003","200"
"1645047846012","GET","2041","200"
"1645047846011","GET","2026","200"
"1645047846034","GET","2019","200"
"1645047846036","GET","2001","200"
"1645047846424","GET","1631","200"
"1645047846271","GET","1766","200"
"1645047846036","GET","2020","200"
"1645047846035","GET","2002","200"
"1645047846287","GET","1772","200"
"1645047846276","GET","1761","200"
"1645047846012","GET","2047","200"
"1645047846033","GET","2004","200"
"1645047846275","GET","1786","200"
"1645047846472","GET","1565","200"
"1645047846036","GET","2039","200"
"1645047846011","GET","2026","200"
"1645047846034","GET","2050","200"
"1645047846036","GET","2001","200"
"1645047846012","GET","2076","200"
"1645047846473","GET","1563","200"
"1645047846033","GET","2058","200"
"1645047846458","GET","1578","200"
"1645047846423","GET","1669","200"
"1645047846036","GET","2001","200"
"1645047846423","GET","1680","200"
"1645047846459","GET","1646","200"
"1645047846269","GET","1849","200"
"1645047846288","GET","1831","200"
"1645047846276","GET","1848","200"
"1645047846015","GET","2112","200"
"1645047846284","GET","1844","200"
"1645047846472","GET","1656","200"
"1645047846425","GET","1711","200"
"1645047846463","GET","1675","200"
"1645047846472","GET","1672","200"
"1645047846460","GET","1691","200"
"1645047846035","GET","2122","200"
"1645047846287","GET","1878","200"
"1645047846034","GET","2132","200"
"1645047846473","GET","1703","200"
"1645047846012","GET","2165","200"
"1645047846011","GET","2167","200"
"1645047846035","GET","2148","200"
"1645047846462","GET","1721","200"
"1645047846472","GET","1713","200"
"1645047846034","GET","2151","200"
"1645047846036","GET","2150","200"
"1645047846035","GET","2153","200"
"1645047846285","GET","1903","200"
"1645047846275","GET","1914","200"
"1645047846035","GET","2154","200"
"1645047846273","GET","1916","200"
"1645047846460","GET","1729","200"
"1645047846472","GET","1718","200"
"1645047846460","GET","1730","200"
"1645047846035","GET","2156","200"
"1645047846463","GET","1728","200"
"1645047846006","GET","2185","200"
"1645047846462","GET","1730","200"
"1645047846462","GET","1730","200"
"1645047846011","GET","2181","200"
"1645047846035","GET","2158","200"
"1645047846032","GET","2161","200"
"1645047846274","GET","1919","200"
"1645047846277","GET","1916","200"
"1645047846012","GET","2183","200"
"1645047846033","GET","2162","200"
"1645047846471","GET","1727","200"
"1645047846460","GET","1738","200"
"1645047846011","GET","2188","200"
"1645047846035","GET","2164","200"
"1645047846016","GET","2183","200"
"1645047846458","GET","1741","200"
"1645047846015","GET","2184","200"
"1645047846035","GET","2164","200"
"1645047846473","GET","1726","200"
"1645047846286","GET","1913","200"
"1645047846276","GET","1924","200"
"1645047846471","GET","1729","200"
"1645047846012","GET","2188","200"
